Country,Score
Italy,0.7198986058301646
Georgia,0.6742712294043093
Burundi,0.4055766793409379
Denmark,0.9581749049429656
Romania,0.6717363751584283
Jamaica,0.6248415716096324
Malawi,0.4512040557667934
Singapore,1.0
Nepal,0.3878326996197718
Costa Rica,0.6425855513307984
Philippines,0.4740177439797211
Cote d'Ivoire,0.4233206590621038
Latvia,0.7820025348542459
